id,firstName,lastName,isDriver
1,Wilona,Kubyszek,Driver
2,Guss,Mouget,Driver
3,Danny,Fronzek,Driver
4,Tildi,Soppit,Driver
5,Giffie,Mant
6,Gerry,Burmaster
7,Noak,Springell
8,Andriette,Eastway
9,Lotty,Medford
10,Valentia,Pankethman
11,Renaldo,Lovel
12,Hubie,Raulstone
13,Marcel,Clausson
14,Vanya,Yelland
15,Patrica,Winny
16,Willa,Ledster
17,Joshia,Dauncey
18,Constantine,Salvati
19,Gertrud,Kemitt
20,Derron,Mallaby
21,Ileane,Asaaf
22,Orelia,Towndrow
23,Bordy,Levet
24,Gaynor,Barkshire
25,Marget,Lenham
26,Bryn,Faust
27,Farlie,Littledike
28,Alanna,Dodman
29,Jennine,Giller
30,Tiebout,Kilfether
31,Cecil,Texton
32,Shea,Posen
33,Lonnie,Barnaby
34,Damiano,Garaghan
35,Orelle,Byrth
36,Jeff,Borborough
37,Raymund,Kopje
38,Orella,Manuel
39,Gino,Easun
40,Simone,Cookman
41,Cecil,Warrillow
42,Howard,Kender
43,Rodney,Muddle
44,Berta,Tonkinson
45,Melvin,Mumberson
46,Nerte,Heinert
47,Scot,Brownsall
48,Kelsey,Feldklein
49,Alberta,Gregoli
50,Meryl,Toop
51,Rosalia,Drinkhill
52,Britni,Ghest
53,Emilee,Hylden
54,Lyn,Luca
55,Shannan,Ixor
56,Jory,McIlharga
57,Far,Hukin
58,Skippy,Clendennen
59,Giacobo,Chivers
60,Liz,Guerola
61,Sibylle,Scotchforth
62,Letta,Wermerling
63,Gwenneth,Hamor
64,Jackelyn,Gibbetts
65,Brooks,Osboldstone
66,Gaile,Caff
67,Brett,Jouannin
68,Irene,Whotton
69,Doroteya,Yurtsev
70,Philip,Hallas
71,Auroora,Woolliams
72,Thia,Larret
73,Eldon,Camoys
74,Rea,Girth
75,Harlie,Gidley
76,Chaunce,Philippault
77,Leonore,Echalier
78,Friedrich,Olechnowicz
79,Muire,Nott
80,Cecile,Ferrierio
81,Mateo,Heffer
82,Bill,Barendtsen
83,Dominique,Crimpe
84,Kirsten,Murdy
85,Marillin,Norsister
86,Madelena,Fidelus
87,Lise,McAlpin
88,Hettie,Peckham
89,Madelaine,Pumphrey
90,Libbie,Camilletti
91,Bobby,Woodyatt
92,Humfried,Lill
93,Reinold,Holde
94,Starlene,Mandy
95,Emilia,Andrivot
96,Lynne,Firsby
97,Cornelia,Gonzales
98,Johann,Gogerty
99,Chan,Bantham
100,Kathlin,Gillyett